"","site_code","hzn_type","bgb_c_stock_sum","lyr_soc_stock_calc_sum","land_cover","mat","map","clay","layer_bot_max"
"1","ABBY","mineral",869.469238396383,27997.042,"forest",10,2450.59,37.3833333333333,200
"2","BARR","mineral",226.45682126283,28407.391,"rangeland/grassland",-12,105,24.5,180
"3","BART","mineral",544.631859423383,14683.76,"forest",6.2,1325.55,2.75,200
"4","BLAN","mineral",184.190328323815,5652.109,"shrubland",12.1,982.55,30.8833333333333,200
"5","BONA","mineral",139.003097684395,36563.936,"forest",-3,262,9.88,193
"6","CLBJ","mineral",414.414302782396,6455.752,"forest",17.5,925.61,15.5,147
"7","CPER","mineral",213.819309185871,9024.988,"rangeland/grassland",8.6,344.24,19.5,200
"8","DCFS","mineral",274.419641112631,26071.495,"rangeland/grassland",4.9,489.74,29,200
"9","DEJU","mineral",100.28809332893,11470.056,"forest",-3,305,5.76666666666667,300
"10","DELA","mineral",269.678035290083,9285.928,"forest",17.6,1371.7,32.4,200
"11","DSNY","mineral",236.849579417788,15113.276,"rangeland/grassland",22.5,1216.09,0.488888888888889,200
"12","GRSM","mineral",547.864159767488,19323.079,"forest",13.1,1375.31,17.9166666666667,206
"13","GUAN","mineral",594.328560393298,21299.41,"forest",23,840,48.5857142857143,200
"14","HARV","mineral",784.553967510247,14829.046,"forest",7.4,1199.61,6.01111111111111,160
"15","HEAL","mineral",691.590697645012,34000.742,"rangeland/grassland",-1.3,385.3,14.05,84
"16","JERC","mineral",194.474068882388,6007.973,"forest",19.2,1307.97,7.82,200
"17","JORN","mineral",108.532469386396,1733.16,"rangeland/grassland",15.7,271.23,10.6833333333333,200
"18","KONA","mineral",0,16936.06,"cultivated",12.7,850.63,40.7714285714286,206
"19","KONZ","mineral",532.716639421042,18836.926,"rangeland/grassland",12.4,870.38,36.4,200
"20","LAJA","mineral",160.015807781498,18799.987,"rangeland/grassland",25,830,41.875,203
"21","LENO","mineral",345.422656678019,25623.565,"forest",18.1,1386.24,27.9666666666667,200
"22","MLBS","mineral",143.08594361827,21925.192,"forest",8.8,1227.82,19.6333333333333,205
"23","MOAB","mineral",170.790136011063,5861.378,"rangeland/grassland",10.1,319.46,10.0125,200
"24","NIWO","mineral",756.500556627697,18841.98,"rangeland/grassland",0.3,1004.54,7.35,200
"25","NOGP","mineral",470.183302220714,21436.289,"rangeland/grassland",5.9,456.51,26.47,200
"26","OAES","mineral",52.2023718333839,8849.884,"rangeland/grassland",15.5,778.85,17.725,46
"27","ONAQ","mineral",270.97739517063,7058.414,"shrubland",9,288.31,13.0625,200
"28","ORNL","mineral",360.351808883384,7535.84,"forest",14.4,1340.32,28.1666666666667,180
"29","OSBS","mineral",236.886754700852,2664.621,"forest",20.9,1302.09,1.175,200
"30","PUUM","mineral",0,49414.084,"forest",12.7,2656.8,17,90
"31","RMNP","mineral",288.921231683084,30829.093,"forest",2.9,730.59,6.1125,160
"32","SCBI","mineral",201.965751803966,6902.894,"forest",11.6,1125.5,33.45,200
"33","SERC","mineral",221.368300552013,8761.432,"forest",13.6,1074.65,20.7272727272727,200
"34","SJER","mineral",132.47730944873,5394.431,"rangeland/grassland",16.4,539.62,5.71666666666667,170
"35","SOAP","mineral",705.736784989487,17933.53,"forest",13.4,900.35,17.2833333333333,213
"36","SRER","mineral",62.6244152171974,4846.742,"shrubland",19.3,346.16,9.2,203
"37","STEI","mineral",301.847638894044,10692.977,"forest",4.8,797.56,6.625,200
"38","STER","mineral",14.5819532780797,5706.903,"cultivated",9.7,432.67,15,200
"39","TALL","mineral",219.884546132934,8653.193,"forest",17.2,1382.68,6.05714285714286,200
"40","TEAK","mineral",721.111482280178,56926.59,"forest",8,1222.5,2.79090909090909,205
"41","TOOL","mineral",0,12531.48,"rangeland/grassland",-9,316,18.65,73
"42","TREE","mineral",779.112754061706,10057.967,"forest",4.8,797.56,4.6125,200
"43","UKFS","mineral",444.678169556494,38957.866,"forest",12.7,990.63,43.9875,200
"44","UNDE","mineral",127.531538074417,13048.007,"forest",4.3,802.3,11.63,200
"45","WOOD","mineral",302.135130000535,12366.994,"rangeland/grassland",4.9,493.76,9.05714285714286,200
"46","WREF","mineral",616.300605008781,12451.21,"forest",9.2,2225.01,7.28571428571429,200
"47","YELL","mineral",428.549350478438,22236.677,"rangeland/grassland",3.4,493.44,21.15,200
